topic,retrievedUrl,archivedUrl,sentenceHash,sentence,annotation,set
abortion,http://www.healthguidance.org/entry/13561/1/Pros-and-Cons-of-Abortion.html,http://web.archive.org/web/20160425042210/http://www.healthguidance.org:80/entry/13561/1/Pros-and-Cons-of-Abortion.html,0c59e40eb9344b18ae0995fa2c094c70,"- By terminating a life , can we justify our acts ?",Argument_against,train
abortion,http://www.strangenotions.com/answering-three-common-arguments-for-abortion/,http://web.archive.org/web/20160916225634/http://www.strangenotions.com/answering-three-common-arguments-for-abortion/,114628bf92cf6ae76a61774634e2dc8a,I do n't think there 's any confusion ; personhood begins at conception .,Argument_against,train
abortion,http://www.ontheissues.org/Celeb/Donald_Trump_Abortion.htm,http://web.archive.org/web/20160504193451/http://www.ontheissues.org:80/Celeb/Donald_Trump_Abortion.htm,2283e9175918680517b931062e69b9bf,"In "" The America We Deserve , "" Trump then wrote that he supported a woman 's right to choose .",Argument_for,train
abortion,https://carm.org/logical-argument-against-abortion,http://web.archive.org/web/20130905144423/http://carm.org/logical-argument-against-abortion,903f8924077f2df2c17166f28c3ba2f8,What is growing in the womb of the woman is alive .,Argument_against,train
abortion,http://www.healthguidance.org/entry/13561/1/Pros-and-Cons-of-Abortion.html,http://web.archive.org/web/20160425042210/http://www.healthguidance.org:80/entry/13561/1/Pros-and-Cons-of-Abortion.html,3e7eaa33cf3a7c94a8b765c9eb8c4416,There is no excuse for an abortion .,Argument_against,train
abortion,http://www.choicematters.org/2007/12/legal-abortion-arguments-pro-con/,http://web.archive.org/web/20160502081158/http://www.choicematters.org:80/2007/12/legal-abortion-arguments-pro-con/,680fa8f599aa4673504e5f6c41faf587,This concept is fundamental for women .,Argument_for,train
abortion,http://www.debate.org/abortion-debate/,http://web.archive.org/web/20160425164133/http://www.debate.org:80/abortion-debate/,10b76c2625c471404bed838ffb274a82,Some abortions happen because of societal pressures .,Argument_against,train
abortion,http://abortion.procon.org/,http://web.archive.org/web/20161107160640/http://abortion.procon.org/,0e12d2d4da9de7340d18738c1cfbb1ac,Abortion may lead to future medical problems for the mother .,Argument_against,test
abortion,http://www.choicematters.org/2007/12/legal-abortion-arguments-pro-con/,http://web.archive.org/web/20160502081158/http://www.choicematters.org:80/2007/12/legal-abortion-arguments-pro-con/,312a5089f16b4b414b62cc3949efd542,Taxpayers should n’t have to pay for what they believe is immoral .,Argument_against,train
abortion,http://www.healthguidance.org/entry/13561/1/Pros-and-Cons-of-Abortion.html,http://web.archive.org/web/20160425042210/http://www.healthguidance.org:80/entry/13561/1/Pros-and-Cons-of-Abortion.html,c6dcae0f39b0e08a1d3a19020b50f72e,ABORTION IS BASICALLY MURDER !,Argument_against,train
abortion,http://womensissues.about.com/od/reproductiverights/a/AbortionArgumen.htm,http://web.archive.org/web/20160513204616/http://womensissues.about.com/od/reproductiverights/a/AbortionArgumen.htm,738c209922ffc1c6778f61ff42c6b872,Pregnancy can occur even with responsible contraceptive use .,Argument_for,test
abortion,http://www.slate.com/articles/news_and_politics/frame_game/2013/02/abortion_polls_are_single_issue_voters_pro_life_or_pro_choice.html,http://web.archive.org/web/20151003145841/http://www.slate.com/articles/news_and_politics/frame_game/2013/02/abortion_polls_are_single_issue_voters_pro_life_or_pro_choice.html,ceff6476354319e9a2eb4582445f10ca,Only 46 percent said they favored making abortions more difficult .,Argument_for,train
abortion,http://www.rawstory.com/2015/09/here-are-11-inane-and-insulting-anti-abortion-arguments-and-how-you-can-shred-the-shamers/,http://web.archive.org/web/20160902223828/http://www.rawstory.com/2015/09/here-are-11-inane-and-insulting-anti-abortion-arguments-and-how-you-can-shred-the-shamers/,9f8dc03f658932d01c9af708067042ef,Example : How would you feel if your mother aborted you ?,Argument_against,train
abortion,http://www.ontheissues.org/Celeb/Donald_Trump_Abortion.htm,http://web.archive.org/web/20160504193451/http://www.ontheissues.org:80/Celeb/Donald_Trump_Abortion.htm,486aedf9a6a5e951258313a6a71a26df,Social Issues : Abortion should be limited .,Argument_against,train
abortion,http://www.healthguidance.org/entry/13561/1/Pros-and-Cons-of-Abortion.html,http://web.archive.org/web/20160425042210/http://www.healthguidance.org:80/entry/13561/1/Pros-and-Cons-of-Abortion.html,79de3bed177acd958d3be7ccb23aca70,That should be left up to God himself .,Argument_against,train
abortion,http://www.slideshare.net/malifa89/pro-cons-of-abortion,http://web.archive.org/web/20160101163213/http://www.slideshare.net/malifa89/pro-cons-of-abortion,8d629433aa642d201cf60d787141ca82,May even affect the social life of a woman who succeeds in this procedure .,Argument_against,train
abortion,http://www.abort73.com/abortion/,http://web.archive.org/web/20160409155215/http://www.abort73.com:80/abortion/,7469bff67f81c53cac3237ad2263378e,"Are all abortionists simply "" in it for the money "" ?",Argument_against,train
abortion,http://wholeworldinhishands.com/world/abortionproscons.html,http://web.archive.org/web/20161002154805/http://wholeworldinhishands.com/world/abortionproscons.html,1fcf0f7ae1c44154f8cfb13983336c65,The truth : Yes it is murder !,Argument_against,train
abortion,http://www.healthguidance.org/entry/13561/1/Pros-and-Cons-of-Abortion.html,http://web.archive.org/web/20160425042210/http://www.healthguidance.org:80/entry/13561/1/Pros-and-Cons-of-Abortion.html,39d88b69a1828eb7ffaf5dd6378eda95,IT 'S SOOO WRONG !,Argument_against,train
abortion,http://www.rawstory.com/2015/09/here-are-11-inane-and-insulting-anti-abortion-arguments-and-how-you-can-shred-the-shamers/,http://web.archive.org/web/20160902223828/http://www.rawstory.com/2015/09/here-are-11-inane-and-insulting-anti-abortion-arguments-and-how-you-can-shred-the-shamers/,6c8a8ada88b01aab4a16a567d57274c7,One writer even prescribes a rather nasty abortion potion .,Argument_against,val
abortion,http://www.choicematters.org/2007/12/legal-abortion-arguments-pro-con/,http://web.archive.org/web/20160502081158/http://www.choicematters.org:80/2007/12/legal-abortion-arguments-pro-con/,3c2a36d969b3aa4514cae49c5f5258dc,Parents have the right to know if their child is having an abortion .,Argument_for,train
abortion,http://www.healthguidance.org/entry/13561/1/Pros-and-Cons-of-Abortion.html,http://web.archive.org/web/20160425042210/http://www.healthguidance.org:80/entry/13561/1/Pros-and-Cons-of-Abortion.html,876d8c0038197389c30ae213788fb821,Abortion is n't the only option .,Argument_against,train
abortion,http://www.ontheissues.org/Celeb/Donald_Trump_Abortion.htm,http://web.archive.org/web/20160504193451/http://www.ontheissues.org:80/Celeb/Donald_Trump_Abortion.htm,954414a3c6508cf571a4801336635225,And they have to stop .,Argument_against,train
abortion,http://www.healthguidance.org/entry/13561/1/Pros-and-Cons-of-Abortion.html,http://web.archive.org/web/20160425042210/http://www.healthguidance.org:80/entry/13561/1/Pros-and-Cons-of-Abortion.html,b64c8daddfa4162d63da98148db47aac,What if the baby would be born into an unstable family ?,Argument_for,train
abortion,http://www.healthguidance.org/entry/13561/1/Pros-and-Cons-of-Abortion.html,http://web.archive.org/web/20160425042210/http://www.healthguidance.org:80/entry/13561/1/Pros-and-Cons-of-Abortion.html,3568b20bc6eddaae6c50818d32330337,What if the birth guaranteed your death ?,Argument_for,train
abortion,http://www.choicematters.org/2007/12/legal-abortion-arguments-pro-con/,http://web.archive.org/web/20160502081158/http://www.choicematters.org:80/2007/12/legal-abortion-arguments-pro-con/,370d57f67e0fcd2d6712569ced2b72b6,Doctors make large profits from legal abortion .,Argument_against,train
abortion,http://www.balancedpolitics.org/abortion.htm,http://web.archive.org/web/20161018165433/http://balancedpolitics.org/abortion.htm,58aca6e3765d48c3a5a5a14e88442371,Do we want to saddle society with the added burden ?,Argument_for,train
abortion,http://www.choicematters.org/2007/12/legal-abortion-arguments-pro-con/,http://web.archive.org/web/20160502081158/http://www.choicematters.org:80/2007/12/legal-abortion-arguments-pro-con/,63509d995bdaed7ef72a8fcfe7a9f8bf,"Besides , pregnancy rarely happens from rape .",Argument_against,train
abortion,http://www.cnn.com/2015/01/22/opinion/bachiochi-abortion-roe-v-wade/,http://web.archive.org/web/20161011214108/http://www.cnn.com/2015/01/22/opinion/bachiochi-abortion-roe-v-wade/,149533fe7ade5d9de6de617230adbf03,Is this really the equality we were looking for 42 years ago ?,Argument_against,train
abortion,http://www.healthguidance.org/entry/13561/1/Pros-and-Cons-of-Abortion.html,http://web.archive.org/web/20160425042210/http://www.healthguidance.org:80/entry/13561/1/Pros-and-Cons-of-Abortion.html,16d3f0c0b33d724b0c5404c65f88f730,Then you do n't have to worry about children .,Argument_for,train
abortion,http://www.listland.com/top-10-arguments-in-support-of-abortion/,http://web.archive.org/web/20160829133344/http://www.listland.com/top-10-arguments-in-support-of-abortion/,ad78dcaaebc865a58b426e8d5ff78ffb,Fetuses have done nothing .,Argument_against,train
cloning,http://www.debate.org/opinions/is-human-cloning-wrong,http://web.archive.org/web/20160512210343/http://www.debate.org:80/opinions/is-human-cloning-wrong,4077300569c9af250be81f3786c49b24,Technology has the tendency to often fail .,Argument_against,val
cloning,https://www.ethicalrights.com/submissions/cloning-and-embryonic-stem-cells/51-a-rebuttal-of-arguments-against-human-cloning,http://web.archive.org/web/20160408142441/http://www.ethicalrights.com:80/submissions/cloning-and-embryonic-stem-cells/51-a-rebuttal-of-arguments-against-human-cloning,6d54a5638a6ad5b03cf3d32c317b6204,( a ) Cloning would be unsafe .,Argument_against,train
cloning,http://greengarageblog.org/16-important-pros-and-cons-of-cloning-humans,http://web.archive.org/web/20160420204715/http://greengarageblog.org:80/16-important-pros-and-cons-of-cloning-humans,159bee952e5ef4cf8208bb9f052336d7,It could eliminate infertility .,Argument_for,test
cloning,http://www.wisegeek.com/what-are-the-pros-and-cons-of-cloning.htm,http://web.archive.org/web/20160827143433/http://www.wisegeek.com/what-are-the-pros-and-cons-of-cloning.htm,ce249b217c5f6721dcf9427e97fb61c7,god fears what he created ( us ) .,Argument_against,train
cloning,http://greengarageblog.org/16-important-pros-and-cons-of-cloning-humans,http://web.archive.org/web/20160420204715/http://greengarageblog.org:80/16-important-pros-and-cons-of-cloning-humans,035b8710515df9c6c8a00e4e14068348,"Do humans have a soul , which would be lost during the process ?",Argument_against,test
cloning,http://www.gallup.com/poll/5098/americans-oppose-idea-human-cloning.aspx,http://web.archive.org/web/20151022115652/http://www.gallup.com:80/poll/5098/americans-oppose-idea-human-cloning.aspx,b2914c17ecf3523acb609aa36f92ed94,Thirty-three percent supported a ban on all types of cloning .,Argument_against,train
cloning,http://humancloningproject.weebly.com/pros-and-cons-of-reproductive-cloning.html,http://web.archive.org/web/20161014152345/http://humancloningproject.weebly.com/pros-and-cons-of-reproductive-cloning.html,97f19fdb8aacd0a57c7bf302cf058130,Reproductive cloning is considered unsafe .,Argument_against,train
cloning,http://www.globalchange.com/noclones.htm,http://web.archive.org/web/20160510033753/http://www.globalchange.com:80/noclones.htm,eb7d1ffef72eba0045653d79bf9b8647,Why would you prevent that ?,Argument_for,train
cloning,http://www.gallup.com/poll/5098/americans-oppose-idea-human-cloning.aspx,http://web.archive.org/web/20151022115652/http://www.gallup.com:80/poll/5098/americans-oppose-idea-human-cloning.aspx,3d79e5838fdf4ecc452c5db1510923fd,"When Dolly the sheep was first cloned in 1997 , a CNN/USA Today/Gallup poll found that 87 % of Americans said human cloning would be a bad thing for humanity , and 88 % said that it would be morally wrong .",Argument_against,train
cloning,http://www.thenewatlantis.com/publications/part-two-the-case-against-cloning-to-produce-children,http://web.archive.org/web/20160913010551/http://www.thenewatlantis.com/publications/part-two-the-case-against-cloning-to-produce-children,325a159e34da3473046269f4f0d1caa7,"As recently as 2010 , about only 1 to 3 percent of cloned animal embryos transferred to females resulted in live births .",Argument_against,train
cloning,http://www.thenewatlantis.com/publications/part-two-the-case-against-cloning-to-produce-children,http://web.archive.org/web/20160913010551/http://www.thenewatlantis.com/publications/part-two-the-case-against-cloning-to-produce-children,e40194ec605870beca25d9dc4bef47fc,"In their 1997 paper , Ian Wilmut and his team described how they created 277 cloned sheep embryos ; 90 percent of them failed to develop long enough to be implanted in a womb ; Dolly was the only sheep to be born .",Argument_against,train
cloning,http://www.chsjournal.org/archive/vol37-no3-2011/for-practitioner/ethical-considerations-on-human-cloning,http://web.archive.org/web/20160504033631/http://www.chsjournal.org:80/archive/vol37-no3-2011/for-practitioner/ethical-considerations-on-human-cloning,29849bf9ca010673705e498789387844,Cloning techniques will really reach the ordinary people ?,Argument_against,train
cloning,http://www.debate.org/opinions/is-human-cloning-wrong,http://web.archive.org/web/20160512210343/http://www.debate.org:80/opinions/is-human-cloning-wrong,77411b4e4cae950848df35b11c8b4c31,The idea of cloning is repugnant .,Argument_against,train
cloning,http://www.iep.utm.edu/cloning/,http://web.archive.org/web/20160908035543/http://www.iep.utm.edu/cloning/,55ea5b944d2963b5bdfdfe3c9eb9c2aa,“ Taking the Stand for Therapeutic Cloning . ”,Argument_for,train
cloning,http://www.gallup.com/poll/5098/americans-oppose-idea-human-cloning.aspx,http://web.archive.org/web/20151022115652/http://www.gallup.com:80/poll/5098/americans-oppose-idea-human-cloning.aspx,561d4cc471555e0d2a87ad406f55244e,Eighty-six percent were opposed to human cloning .,Argument_against,val
cloning,http://www.wisegeek.com/what-are-the-pros-and-cons-of-cloning.htm,http://web.archive.org/web/20160827143433/http://www.wisegeek.com/what-are-the-pros-and-cons-of-cloning.htm,43be9f7a5f607de92c9f4e2f16bbe312,There are far too many risks .,Argument_against,train
cloning,http://www.endanimalcloning.org/ethics.shtml,http://web.archive.org/web/20160510100855/http://www.endanimalcloning.org:80/ethics.shtml,c9369a40e331a611405a13055dbd97a3,"The European Commission , for example , asked the European Group on Ethics to issue an expert opinion on the ethical implications of cloning animals for food .",Argument_against,train
cloning,http://debatepedia.idebate.org/en/index.php/Debate:_Ban_on_human_reproductive_cloning,http://web.archive.org/web/20150914201115/http://debatepedia.idebate.org/en/index.php/Debate:_Ban_on_human_reproductive_cloning,17bf9abf5c91fb1ef8da8a7975e4715b,Could Saddam Hussein clone an army ?,Argument_against,train
cloning,http://www.wisegeek.com/what-are-the-pros-and-cons-of-cloning.htm,http://web.archive.org/web/20160827143433/http://www.wisegeek.com/what-are-the-pros-and-cons-of-cloning.htm,bc952f9ed2cd2a55b36dbf0d4d2be407,We are god now !,Argument_against,val
death penalty,http://deathpenaltycurriculum.org/student/c/about/arguments/arguments.PDF,http://web.archive.org/web/20160319233007if_/http://deathpenaltycurriculum.org/student/c/about/arguments/arguments.PDF,2f60e146ca076161c250ba452ea7eeb2,Our capital punishment system is unreliable .,Argument_against,test
death penalty,http://deathpenaltyinfo.org/national-polls-and-studies,http://web.archive.org/web/20161020061844/http://www.deathpenaltyinfo.org/national-polls-and-studies,8940a154a0d7541737be9ec5ee726677,"However , when asked if the death penalty can help deter crime : 45 % say yes , while 43 % say no .",Argument_for,train
death penalty,https://www.aclu.org/other/case-against-death-penalty,http://web.archive.org/web/20161025012714/https://www.aclu.org/other/case-against-death-penalty,06eca4e5403660c004f8e07bb52aa9bc,“ Don Harding took ten minutes and thirty one seconds to die .,Argument_against,train
death penalty,http://2016election.procon.org/view.answers.election.php?questionID=002042,http://web.archive.org/web/20161014173953/http://2016election.procon.org/view.answers.election.php?questionID=002042,9f62209b042c7bd6768bfaf25178eee8,"And look , it 's about justice .",Argument_for,train
death penalty,http://usliberals.about.com/od/deathpenalty/i/DeathPenalty_2.htm,http://web.archive.org/web/20160801180757/http://usliberals.about.com/od/deathpenalty/i/DeathPenalty_2.htm,fd8912eb7bf2d7295590051e4b270d71,To punish the criminal for his/her act .,Argument_for,train
death penalty,http://www.pbs.org/wgbh/pages/frontline/angel/procon/greenbergarticle.html,http://web.archive.org/web/20160506190902/http://www.pbs.org:80/wgbh/pages/frontline/angel/procon/greenbergarticle.html,ca701ea236bad2c01f67c85b41df06b5,( 27 ) In no case was a white executed for killing a black person .,Argument_against,train
death penalty,http://www.huffingtonpost.com/radley-balko/death-penalty-support-america_b_984931.html,http://web.archive.org/web/20160324230946/http://www.huffingtonpost.com/radley-balko/death-penalty-support-america_b_984931.html,ce229d0bbf74d39e003dc4ba79c1eaf2,"According to Gallup , about 60 percent of death penalty supporters back capital punishment under some form of this reasoning .",Argument_for,train
death penalty,https://oadp.org/facts/13-reasons,http://web.archive.org/web/20160506003040/http://oadp.org:80/facts/13-reasons,98bed85ccd05c0cbce2c35b9ff0c407f,The death penalty is applied at random .,Argument_against,test
death penalty,http://www.commondreams.org/views/2014/07/15/kill-death-penalty-10-arguments-against-capital-punishment,http://web.archive.org/web/20160502175706/http://www.commondreams.org:80/views/2014/07/15/kill-death-penalty-10-arguments-against-capital-punishment,add8f188badd7c76b04c24e34ff18604,The death penalty is totalitarian .,Argument_against,train
death penalty,http://2012election.procon.org/view.answers.election.php?questionID=1698,http://web.archive.org/web/20150217005454/http://2012election.procon.org:80/view.answers.election.php?questionID=1698,fc76a1c0176cc88087193134e1995b14,Terry Clark committed the crimes that he has been convicted of .,Argument_for,train
death penalty,http://www.americamagazine.org/issue/100/ten-reasons-oppose-death-penalty,http://web.archive.org/web/20160508012028/http://americamagazine.org:80/issue/100/ten-reasons-oppose-death-penalty,e1d4458210883d3612e2de3ec2f746f4,You might end up on death row .,Argument_against,val
death penalty,http://deathpenaltyinfo.org/national-polls-and-studies,http://web.archive.org/web/20161020061844/http://www.deathpenaltyinfo.org/national-polls-and-studies,0334211fff25aab56b683305847d130f,73 % of Americans believe an innocent person has been executed under the death penalty in the last five years .,Argument_against,val
death penalty,http://deathpenaltyinfo.org/national-polls-and-studies,http://web.archive.org/web/20161020061844/http://www.deathpenaltyinfo.org/national-polls-and-studies,969aa5d577ecec626f072bf18d3b80ef,"In the December poll when respondents were given a choice , only 42 % supported capital punishment while 46 % supported life without parole .",Argument_against,train
death penalty,https://www.aclu.org/other/case-against-death-penalty,http://web.archive.org/web/20161025012714/https://www.aclu.org/other/case-against-death-penalty,bf11a0f564fc87fcf3d0e9bff16d9eb0,The stench of burning flesh was nauseating .,Argument_against,train
death penalty,http://deathpenalty.procon.org/view.resource.php?resourceID=002000,http://web.archive.org/web/20150305040535/http://deathpenalty.procon.org:80/view.resource.php?resourceID=002000,c3a94f91b19f712827d9f10f534ec526,Money gets you good defense .,Argument_against,test
death penalty,http://www.prodeathpenalty.com/ornellaspaper.htm,http://web.archive.org/web/20160509202800/http://www.prodeathpenalty.com:80/ornellaspaper.htm,be7d1eeb3f3c5bda40f5de9ef9498a78,Remember it could be one of your loved ones .,Argument_against,test
death penalty,https://www.aclu.org/other/case-against-death-penalty,http://web.archive.org/web/20161025012714/https://www.aclu.org/other/case-against-death-penalty,aa8a909acad6523f5c39cf70adee70fd,"In 1986 his conviction was reversed on grounds of withheld evidence pointing to another suspect ; he was retried , re-convicted , and sentenced to life in prison .",Argument_against,train
death penalty,http://2012election.procon.org/view.answers.election.php?questionID=1698,http://web.archive.org/web/20150217005454/http://2012election.procon.org:80/view.answers.election.php?questionID=1698,2dd243a8608c74e2232e54ae4d381f76,Look at the level of violence they 've done to society .,Argument_for,train
death penalty,http://deathpenaltyinfo.org/national-polls-and-studies,http://web.archive.org/web/20161020061844/http://www.deathpenaltyinfo.org/national-polls-and-studies,cfcb9952cc0549a9f64d6c2a3f857bae,82 % of respondents oppose the death penalty for the mentally retarded .,Argument_against,train
death penalty,https://www.aclu.org/other/case-against-death-penalty,http://web.archive.org/web/20161025012714/https://www.aclu.org/other/case-against-death-penalty,f0a2eca73c6ee552070703aaa54ac4f5,Years later the DNA was matched to the real killer .,Argument_against,train
death penalty,https://www.aclu.org/other/case-against-death-penalty,http://web.archive.org/web/20161025012714/https://www.aclu.org/other/case-against-death-penalty,34e66abbf50d02867ad35e356ba6f214,Please do n't take his life too . ',Argument_against,train
death penalty,http://www.americamagazine.org/issue/100/ten-reasons-oppose-death-penalty,http://web.archive.org/web/20160508012028/http://americamagazine.org:80/issue/100/ten-reasons-oppose-death-penalty,6e2ae7814317e44a792e2eef085ae4b1,Lethal injection is painless .,Argument_for,train
death penalty,http://civilliberty.about.com/od/capitalpunishment/tp/Arguments-for-Death-Penalty.htm,http://web.archive.org/web/20161012105401/http://civilliberty.about.com/od/capitalpunishment/tp/Arguments-for-Death-Penalty.htm,dddb4d2c604c7c91f6194e9e60bd630e, Families deserve closure . ,Argument_for,train
death penalty,http://civilliberty.about.com/od/capitalpunishment/tp/Arguments-for-Death-Penalty.htm,http://web.archive.org/web/20161012105401/http://civilliberty.about.com/od/capitalpunishment/tp/Arguments-for-Death-Penalty.htm,11c4007d28b7fd0f2cd9d97f5286b69d, Murderers deserve to die . ,Argument_for,val
death penalty,http://civilliberty.about.com/od/capitalpunishment/tp/Arguments-for-Death-Penalty.htm,http://web.archive.org/web/20161012105401/http://civilliberty.about.com/od/capitalpunishment/tp/Arguments-for-Death-Penalty.htm,98663a1d63642afad1c528a0d54a10ba, The Bible says ' an eye for an eye . ' ,Argument_for,train
gun control,http://listverse.com/2013/12/12/10-arguments-against-gun-control/,http://web.archive.org/web/20160616054535/https://listverse.com/2013/12/12/10-arguments-against-gun-control/,d344e27b2d0e4c48cc20d7dc4f60a800,"For the year 2013 , the city ’s murder count is 374 .",Argument_for,val
gun control,http://prospect.org/article/ten-arguments-gun-advocates-make-and-why-theyre-wrong,http://web.archive.org/web/20161021062241/http://prospect.org/article/ten-arguments-gun-advocates-make-and-why-theyre-wrong,8079d494bb140401f0237e8204d25f52,Guns are a part of American culture .,Argument_against,train
gun control,http://gun-control.procon.org/,http://web.archive.org/web/20161107162400/http://gun-control.procon.org/,974be4c7422f75fda3fe5c7fed27d94d,Gun control laws are racist .,Argument_against,test
gun control,http://concealedguns.procon.org/,http://web.archive.org/web/20161107160654/http://concealedguns.procon.org/,56915cabf1de16455be459f410490a84,"It 's just a safety issue . """,Argument_for,train
gun control,http://prospect.org/article/ten-arguments-gun-advocates-make-and-why-theyre-wrong,http://web.archive.org/web/20161021062241/http://prospect.org/article/ten-arguments-gun-advocates-make-and-why-theyre-wrong,d727f6d32d27a8c7a4a2c757b183b578,The American people do n't want more gun control .,Argument_against,train
gun control,http://www.nbcnews.com/video/nightly-news/50403374,http://web.archive.org/web/20160113172206/http://www.nbcnews.com:80/video/nightly-news/50403374,661ade338685ca76e164829ed5c328a9,>> reporter : two years ago today 9-year-old christina-taylor green was the youngest shot in a grocery store .,Argument_for,train
gun control,http://www.huffingtonpost.com/tanushree-ghosh/a-list-of-the-reasons-cit_b_8236494.html,http://web.archive.org/web/20160912131326/http://www.huffingtonpost.com/tanushree-ghosh/a-list-of-the-reasons-cit_b_8236494.html,f0d37b12a0baf1d68e077e653b94e9da,So Gun control is not the answer .,Argument_against,train
gun control,http://gun-control.procon.org/,http://web.archive.org/web/20161107162400/http://gun-control.procon.org/,b210017fe4c5cb0b9002a69a4d69b52e,"The FBI found that in 2013 arguments ( such as romantic triangles , brawls fueled by alcohol or drugs , and arguments over money ) resulted in 1,962 gun deaths ( 59.9 % of the total ) .",Argument_for,test
gun control,http://www.latimes.com/opinion/op-ed/la-oe-defilippis-hughes-gun-myths-debunked-20160708-snap-story.html,http://web.archive.org/web/20161109003720/http://www.latimes.com/opinion/op-ed/la-oe-defilippis-hughes-gun-myths-debunked-20160708-snap-story.html,612c2fd1bd6f13c6e336d275d3a7544e,"In the first , seven of the participants shot an innocent bystander .",Argument_for,train
gun control,http://www.latimes.com/opinion/op-ed/la-oe-defilippis-hughes-gun-myths-debunked-20160708-snap-story.html,http://web.archive.org/web/20161109003720/http://www.latimes.com/opinion/op-ed/la-oe-defilippis-hughes-gun-myths-debunked-20160708-snap-story.html,66962e97d9376308431bba42259607a7,Gunshot wounds frequently cause catastrophic damage .,Argument_for,train
gun control,http://gun-control.procon.org/,http://web.archive.org/web/20161107162400/http://gun-control.procon.org/,225b4210752430f82f3deefa6c73964c,Five women are murdered with guns every day in the United States .,Argument_for,test
gun control,http://www.pbs.org/wgbh/pages/frontline/shows/guns/procon/,http://web.archive.org/web/20160824135241/http://www.pbs.org/wgbh/pages/frontline/shows/guns/procon/,986709cb80a1c1624eca40be8d4ac108,"Larson tracks the gunmaker , the gundealer and the 16 year-old murderer .",Argument_for,train
gun control,http://www.huffingtonpost.com/tanushree-ghosh/a-list-of-the-reasons-cit_b_8236494.html,http://web.archive.org/web/20160912131326/http://www.huffingtonpost.com/tanushree-ghosh/a-list-of-the-reasons-cit_b_8236494.html,b7c8a278e6c93f67afd4cdb0eff326e7,Criminals will break laws any ways .,Argument_against,val
gun control,http://reason.com/archives/2013/07/18/why-second-amendment-supporters-are-righ,http://web.archive.org/web/20160508032850/http://reason.com:80/archives/2013/07/18/why-second-amendment-supporters-are-righ,235e2a0e3cfaffeb2aa174d9d178ba99,We should have more of it !,Argument_for,train
gun control,http://www.debate.org/opinions/what-are-the-pros-yes-and-cons-no-of-gun-control,http://web.archive.org/web/20160429233639/http://www.debate.org:80/opinions/what-are-the-pros-yes-and-cons-no-of-gun-control,9bf295aa6efbe75945bb6354a39de040,How would we be able to recollect all the guns ??,Argument_against,train
gun control,http://www.debate.org/opinions/what-are-the-pros-yes-and-cons-no-of-gun-control,http://web.archive.org/web/20160429233639/http://www.debate.org:80/opinions/what-are-the-pros-yes-and-cons-no-of-gun-control,1e4b12b5be2ef954cd3987c218df0083,"Yes , there should be gun control .",Argument_for,val
gun control,http://gun-control.procon.org/view.resource.php?resourceID=006436,http://web.archive.org/web/20160508100635/http://gun-control.procon.org:80/view.resource.php?resourceID=006436,86100e5d72889f7cca70e21008326b12,"Despite images of the "" Wild West "" from movies , cities in the frontier often required visitors to check their guns with the sheriff before entering the town .",Argument_for,train
gun control,http://gun-control.procon.org/,http://web.archive.org/web/20161107162400/http://gun-control.procon.org/,379928aa21021f58a703296a8d106ae8,Guns are rarely used in self-defense .,Argument_for,test
gun control,http://reason.com/archives/2013/07/18/why-second-amendment-supporters-are-righ,http://web.archive.org/web/20160508032850/http://reason.com:80/archives/2013/07/18/why-second-amendment-supporters-are-righ,53b68fe5bcf28fb47b3b2299f62af57c,Firearms are not the cause of violence in our country !,Argument_against,val
gun control,http://aattp.org/how-to-win-an-argument-with-a-gun-nut-every-time/,http://web.archive.org/web/20160512074738/http://aattp.org:80/how-to-win-an-argument-with-a-gun-nut-every-time/,ebca7f1f5ae0f0e32c3f651fdbd8f9d1,"… And then , of course , “ Shall not be infringed . ”",Argument_against,train
gun control,http://www.rollingstone.com/politics/news/4-pro-gun-arguments-were-sick-of-hearing-20151001,http://web.archive.org/web/20160510040654/http://www.rollingstone.com:80/politics/news/4-pro-gun-arguments-were-sick-of-hearing-20151001?,e963e6aaf0f0a1eac1d735bb45a1a5da,"People kill people . """,Argument_against,train
gun control,http://www.debate.org/opinions/what-are-the-pros-yes-and-cons-no-of-gun-control,http://web.archive.org/web/20160429233639/http://www.debate.org:80/opinions/what-are-the-pros-yes-and-cons-no-of-gun-control,375c96004baef701dd5cfba988f13dfe,Guns are our rights !,Argument_against,train
gun control,http://www.debate.org/opinions/what-are-the-pros-yes-and-cons-no-of-gun-control,http://web.archive.org/web/20160429233639/http://www.debate.org:80/opinions/what-are-the-pros-yes-and-cons-no-of-gun-control,54e69f9635134cf42fd566d53839ab5e,"Criminals , by definition , do n't follow the law .",Argument_against,train
gun control,http://www.enkivillage.com/the-best-arguments-for-gun-control.html,http://web.archive.org/web/20161010200322/http://www.enkivillage.com/the-best-arguments-for-gun-control.html,d90b919538760ccc3f277f388ffb14e1,"Well , this worked in Australia .",Argument_for,train
gun control,http://listverse.com/2013/12/12/10-arguments-against-gun-control/,http://web.archive.org/web/20160616054535/https://listverse.com/2013/12/12/10-arguments-against-gun-control/,126849bfbea0935001612c98ba3cbdee,Have we controlled much of anything ?,Argument_against,train
gun control,http://www.debate.org/opinions/what-are-the-pros-yes-and-cons-no-of-gun-control,http://web.archive.org/web/20160429233639/http://www.debate.org:80/opinions/what-are-the-pros-yes-and-cons-no-of-gun-control,bf0b845963e0d3d2b0d12a9245fa77a2,Gun control is needed .,Argument_for,val
gun control,http://listverse.com/2013/12/12/10-arguments-against-gun-control/,http://web.archive.org/web/20160616054535/https://listverse.com/2013/12/12/10-arguments-against-gun-control/,03efb767d35eb59dfe328e8bac73b879,"He opened fire on every random person he could see , then shot himself .",Argument_for,train
gun control,https://theprogressivecynic.com/debunking-right-wing-talking-points/refuting-gun-enthusiasts-anti-gun-control-arguments/,http://web.archive.org/web/20160427123147/https://theprogressivecynic.com/debunking-right-wing-talking-points/refuting-gun-enthusiasts-anti-gun-control-arguments/,2f68679a9cce0c8aa29a1f7cf6ecc2e3,"They are prepared for war and their sights are on you , me , your family , and mine .",Argument_for,train
gun control,http://www.debate.org/opinions/what-are-the-pros-yes-and-cons-no-of-gun-control,http://web.archive.org/web/20160429233639/http://www.debate.org:80/opinions/what-are-the-pros-yes-and-cons-no-of-gun-control,27dc1c7d799f3838e4b3da23b17932e7,We have a right .,Argument_against,train
gun control,http://www.debate.org/opinions/what-are-the-pros-yes-and-cons-no-of-gun-control,http://web.archive.org/web/20160429233639/http://www.debate.org:80/opinions/what-are-the-pros-yes-and-cons-no-of-gun-control,9e21c179ffcc1b46584690e3863458b1,We Americas needs guns !,Argument_against,train
gun control,http://reason.com/archives/2013/07/18/why-second-amendment-supporters-are-righ,http://web.archive.org/web/20160508032850/http://reason.com:80/archives/2013/07/18/why-second-amendment-supporters-are-righ,9077b4b32d184a761113fa69bb0ede47,"I will register my gun , like my car .",Argument_for,train
gun control,http://2016election.procon.org/view.answers.election.php?questionID=002023,http://web.archive.org/web/20161015162943/http://2016election.procon.org/view.answers.election.php?questionID=002023,771286f6804972164a2d4eba311bfcc6,The 2nd amendment is part of that Constitution .,Argument_for,val
gun control,http://concealedguns.procon.org/,http://web.archive.org/web/20161107160654/http://concealedguns.procon.org/,908d11166b62c8db0c8f275745d2643c,"A 2013 CBS News and New York Times poll found that 65 % of Americans "" oppose a federal law requiring a nationwide ban on people other than law enforcement officers carrying concealed weapons . """,Argument_against,train
gun control,http://gun-control.procon.org/,http://web.archive.org/web/20161107162400/http://gun-control.procon.org/,aa2183c411fcca6076becbd4b5fedab3,A 2003 study of 23 populous high-income countries found that 86 % of women killed by firearms were in the United States and American women are 11.4 times more likely to be the victims of gun homicides 57 % of mass shootings involved domestic violence .,Argument_for,test
gun control,http://www.debate.org/opinions/what-are-the-pros-yes-and-cons-no-of-gun-control,http://web.archive.org/web/20160429233639/http://www.debate.org:80/opinions/what-are-the-pros-yes-and-cons-no-of-gun-control,59dbf794f6c84c2f5a838ca6e9eb1428,They would just shoot whoever ticks them off .,Argument_for,train
gun control,http://concealedguns.procon.org/,http://web.archive.org/web/20161107160654/http://concealedguns.procon.org/,3e7c29bd8b6462ddd8c4a0c8b540c207,Second Amendment rights have limits .,Argument_for,val
gun control,https://www.amazon.com/War-Guns-Yourself-Against-Control/dp/1621575802,http://web.archive.org/web/20161028113301/https://www.amazon.com/War-Guns-Yourself-Against-Control/dp/1621575802,ac28f6d086295c89617a45a560dea908,"Freedom lovers will crave it . """,Argument_against,train
gun control,http://reason.com/archives/2013/07/18/why-second-amendment-supporters-are-righ,http://web.archive.org/web/20160508032850/http://reason.com:80/archives/2013/07/18/why-second-amendment-supporters-are-righ,2fa7a5d05a88429c5f5028c822d6cc23,"The system the founders set up is working . """,Argument_for,train
marijuana legalization,http://www.huffingtonpost.com/2013/10/24/marijuana-legalization_n_4151423.html,http://web.archive.org/web/20160516122914/http://www.huffingtonpost.com:80/2013/10/24/marijuana-legalization_n_4151423.html,3bf9861ffc0e06d83516f6a13823f776,This Is Why Marijuana Should Be Legal Everywhere,Argument_for,train
marijuana legalization,http://learn.genetics.utah.edu/content/addiction/cannabis/,http://web.archive.org/web/20160518062440/http://learn.genetics.utah.edu:80/content/addiction/cannabis,54e7b682a7982c584bacce3045141cf4,( – ) Difficult to control dose .,Argument_against,train
marijuana legalization,http://www.balancedpolitics.org/marijuana_legalization.htm,http://web.archive.org/web/20161018164722/http://balancedpolitics.org/marijuana_legalization.htm,e0f3026030fc312c62a7f8a49354569a,Some consider use of the drug as morally wrong .,Argument_against,train
marijuana legalization,http://www.webmd.com/a-to-z-guides/video/recreational-marijuana,http://web.archive.org/web/20160912124928/http://www.webmd.com/a-to-z-guides/video/recreational-marijuana,62dd751f3301c0ca5f308031e6e81847,It can go towards drug education .,Argument_for,train
marijuana legalization,http://learn.genetics.utah.edu/content/addiction/cannabis/,http://web.archive.org/web/20160518062440/http://learn.genetics.utah.edu:80/content/addiction/cannabis,54c1601f2a318e60473c8ec4025af0d8,The trend is moving toward legalization .,Argument_for,train
marijuana legalization,http://www.teenink.com/hot_topics/what_matters/article/311685/Against-Legalizing-Marijuana/,http://web.archive.org/web/20160518041046/http://www.teenink.com:80/hot_topics/what_matters/article/311685/Against-Legalizing-Marijuana,79b706eca8f2b696ab53658d5a4bd123,Why take the risk of legalizing marijuana ?,Argument_against,train
marijuana legalization,http://www.ibtimes.com/pros-cons-drug-legalization-us-246712,http://web.archive.org/web/20161005205801/http://www.ibtimes.com/pros-cons-drug-legalization-us-246712,dc1175f05e2946834b6fc783c7642f5b,"In fact , this November , California voters will consider a ballot initiative – Proposition 19 – to legalize marijuana in the state ( in 1996 , California had passed a law to legalize medical marijuana ) .",Argument_for,train
marijuana legalization,http://www.balancedpolitics.org/marijuana_legalization.htm,http://web.archive.org/web/20161018164722/http://balancedpolitics.org/marijuana_legalization.htm,838d9ee897325cb8e58203af19092bce,There are places in California where it 's already legal for medicinal purposes .,Argument_for,train
marijuana legalization,http://www.alternet.org/drugs/6-powerful-reasons-new-york-times-says-end-marijuana-prohibition,http://web.archive.org/web/20161115135646/http://www.alternet.org/drugs/6-powerful-reasons-new-york-times-says-end-marijuana-prohibition,8ee26855302533e9d1597a5f6043832b,Cannabis has legitimate medical effects .,Argument_for,test
marijuana legalization,http://www.webmd.com/a-to-z-guides/video/recreational-marijuana,http://web.archive.org/web/20160912124928/http://www.webmd.com/a-to-z-guides/video/recreational-marijuana,faeacd5ffc0956a8253d052ab7344052,But private spaces are another matter .,Argument_for,train
marijuana legalization,http://townhall.com/columnists/johnhawkins/2014/01/21/5-reasons-marijuana-should-remain-illegal-n1782086,http://web.archive.org/web/20160517204705/http://townhall.com:80/columnists/johnhawkins/2014/01/21/5-reasons-marijuana-should-remain-illegal-n1782086,4dc8f666a24cfd40ff0088bb53f8b74e,Would you want your kids regularly smoking pot ?,Argument_against,train
marijuana legalization,http://www.phoenixnewtimes.com/news/state-publishes-public-arguments-on-arizonas-weed-legalization-measure-hilarity-ensues-8467208,http://web.archive.org/web/20160720175546/http://www.phoenixnewtimes.com/news/state-publishes-public-arguments-on-arizonas-weed-legalization-measure-hilarity-ensues-8467208,8c3f5293b2990715d7ffed2de6d2ec74,"I 'm not an addict , but I 've had it in my family , "" Mowrey added .",Argument_against,train
marijuana legalization,http://www.balancedpolitics.org/marijuana_legalization.htm,http://web.archive.org/web/20161018164722/http://balancedpolitics.org/marijuana_legalization.htm,f083a500c7854845336783b921c5de19,Many consider the War on Drugs an expensive failure .,Argument_for,train
marijuana legalization,http://www.people-press.org/2015/04/14/in-debate-over-legalizing-marijuana-disagreement-over-drugs-dangers/,http://web.archive.org/web/20161206061941/http://www.people-press.org/2015/04/14/in-debate-over-legalizing-marijuana-disagreement-over-drugs-dangers/,fcad19f6519bb7b1bc5ce255f787f1b6,"Nearly six-in-ten Democrats ( 59 % ) favor legalizing the use of marijuana , as do 58 % of independents .",Argument_for,test
marijuana legalization,http://miami.cbslocal.com/2016/10/10/ballot-breakdown-pros-cons-of-medical-marijuana-in-florida/,http://web.archive.org/web/20161111222449/http://miami.cbslocal.com/2016/10/10/ballot-breakdown-pros-cons-of-medical-marijuana-in-florida/,468e2e9c32fe6f842fcdceecad5d2140,Patsy admits the one thing that does help is marijuana .,Argument_for,train
marijuana legalization,http://miami.cbslocal.com/2016/10/10/ballot-breakdown-pros-cons-of-medical-marijuana-in-florida/,http://web.archive.org/web/20161111222449/http://miami.cbslocal.com/2016/10/10/ballot-breakdown-pros-cons-of-medical-marijuana-in-florida/,a4cf78ae56e7b2fb94965e8fd1f7bf39,I want a good night ’s sleep .,Argument_for,train
marijuana legalization,https://www.bostonglobe.com/news/nation/2016/09/05/colorado-revolt-against-legalized-marijuana/BkUOeZOThisG7ASJ56xmIM/story.html,http://web.archive.org/web/20161009012759/https://www.bostonglobe.com/news/nation/2016/09/05/colorado-revolt-against-legalized-marijuana/BkUOeZOThisG7ASJ56xmIM/story.html,b5da32df6163e192c6fa4d3d5e1c4f85,“ We ’ve got more crime .,Argument_against,test
marijuana legalization,https://en.wikipedia.org/wiki/Arguments_for_and_against_drug_prohibition,http://web.archive.org/web/20161112203346/https://en.wikipedia.org/wiki/Arguments_for_and_against_drug_prohibition,251613ef3df625fe1b2c88b103dc3705,Time to End the Drug War .,Argument_for,train
marijuana legalization,http://www.people-press.org/2015/04/14/in-debate-over-legalizing-marijuana-disagreement-over-drugs-dangers/,http://web.archive.org/web/20161206061941/http://www.people-press.org/2015/04/14/in-debate-over-legalizing-marijuana-disagreement-over-drugs-dangers/,1e1a4bc4c5134f6ec97c3f69f654ebdc,I know it ’s not good for her health or brain . ”,Argument_against,test
marijuana legalization,http://www.huffingtonpost.com/dr-howard-samuels/legalizing-marijuana_b_4144180.html,http://web.archive.org/web/20160814011111/http://www.huffingtonpost.com/dr-howard-samuels/legalizing-marijuana_b_4144180.html,82e0663cdfc1267d1cfe0e0e9d926357,Legalization would be a nightmare .,Argument_against,train
marijuana legalization,http://2016election.procon.org/view.answers.election.php?questionID=002059,http://web.archive.org/web/20160825001951/http://2016election.procon.org/view.answers.election.php?questionID=002059,9f39b12996c8479cff8eddf068070ab5,They seem to be keeping very good records .,Argument_for,test
marijuana legalization,http://townhall.com/columnists/johnhawkins/2014/01/21/5-reasons-marijuana-should-remain-illegal-n1782086,http://web.archive.org/web/20160517204705/http://townhall.com:80/columnists/johnhawkins/2014/01/21/5-reasons-marijuana-should-remain-illegal-n1782086,5a2b71247a30e51f33b971168327250d,It 's not very addictive for many people .,Argument_for,train
marijuana legalization,http://www.debate.org/opinions/should-marijuana-be-legalized,http://web.archive.org/web/20160515043225/http://www.debate.org:80/opinions/should-marijuana-be-legalized,7eb2b0b0f978de010b4b018c6be41572,"You want other folks killed on the roads ? """,Argument_against,train
marijuana legalization,http://townhall.com/columnists/johnhawkins/2014/01/21/5-reasons-marijuana-should-remain-illegal-n1782086,http://web.archive.org/web/20160517204705/http://townhall.com:80/columnists/johnhawkins/2014/01/21/5-reasons-marijuana-should-remain-illegal-n1782086,de7ba6cdd7a81813f0911b5a88eea8e7,You really want your kids on that ?,Argument_against,test
nuclear energy,http://thoriummsr.com/intro/pros-and-cons-list/,http://web.archive.org/web/20160702111824/http://thoriummsr.com:80/intro/pros-and-cons-list/,ea5d575c6777ddc080ddc62cd12e2ca9,There are simply many good things to say .,Argument_for,train
nuclear energy,http://www.abc.net.au/btn/story/s4178056.htm,http://web.archive.org/web/20160622214133/http://www.abc.net.au:80/btn/story/s4178056.htm,ba54646b3d461feb37d56d1368605c49,They Do Just Fine With Neculer Power .,Argument_for,train
nuclear energy,http://www.triplepundit.com/special/energy-options-pros-and-cons/nuclear-energy-pros-and-cons/,http://web.archive.org/web/20160802090500/http://www.triplepundit.com:80/special/energy-options-pros-and-cons/nuclear-energy-pros-and-cons,640f0092d551a6e2c3fa8afcb3fd78a3,Like Chernobyl had 50 deaths .,Argument_against,test
nuclear energy,http://www.conserve-energy-future.com/pros-and-cons-of-nuclear-energy.php,http://web.archive.org/web/20160718063846/http://www.conserve-energy-future.com:80/pros-and-cons-of-nuclear-energy.php,8ed3bdc587334977a1e6cf7e63293374,"Today , nuclear energy is used to make weapons .",Argument_against,test
nuclear energy,http://atomicinsights.com/the-left-needs-to-reconsider-its-automatic-position-against-nuclear-energy/,http://web.archive.org/web/20161010062057/http://atomicinsights.com/the-left-needs-to-reconsider-its-automatic-position-against-nuclear-energy/,fecf897dcaa3e1f5e93de7e3105a9f77,No humans will ever be able to live in the zone again .,Argument_against,train
nuclear energy,http://www.abc.net.au/btn/story/s4178056.htm,http://web.archive.org/web/20160622214133/http://www.abc.net.au:80/btn/story/s4178056.htm,5f0f7686a8b6f09c85826ba6ca147940,Thirdly it has n't happened for many years in most countries .,Argument_for,train
nuclear energy,http://atomicinsights.com/the-left-needs-to-reconsider-its-automatic-position-against-nuclear-energy/,http://web.archive.org/web/20161010062057/http://atomicinsights.com/the-left-needs-to-reconsider-its-automatic-position-against-nuclear-energy/,5e7252d52d7b098ccf080ce7c3511057,How many electric vehicles could be powered by 50 or 100 more nuclear power plants ?,Argument_for,train
nuclear energy,http://debatepedia.idebate.org/en/index.php/Debate:_Nuclear_energy,http://web.archive.org/web/20160627081957/http://debatepedia.idebate.org:80/en/index.php/Debate:_Nuclear_energy,9d9fe6300d4d765f59a7a2d20fc17d50,"Taxpayers , not nuclear industry , assume risks of disaster "" 6 reasons against nuclear energy "" .",Argument_against,train
nuclear energy,http://www.globalresearch.ca/reject-nuclear-power-heres-why/5321374,http://web.archive.org/web/20170201015432/http://www.globalresearch.ca/reject-nuclear-power-heres-why/5321374,e793666a36ed3ce8406eaa3e6dcf966f,At Fukushima we have the worst industrial disaster ever .,Argument_against,train
nuclear energy,http://www.triplepundit.com/special/energy-options-pros-and-cons/nuclear-energy-pros-and-cons/,http://web.archive.org/web/20160802090500/http://www.triplepundit.com:80/special/energy-options-pros-and-cons/nuclear-energy-pros-and-cons,6d6c906a776985ced39bf10677ea7a5a,Waste lasts 200 – 500 thousand years .,Argument_against,test
nuclear energy,https://en.wikipedia.org/wiki/Campaign_Against_Nuclear_Energy,http://web.archive.org/web/20161110052015/https://en.wikipedia.org/wiki/Campaign_Against_Nuclear_Energy,eec046c20ba879a6c0e3b5b70ecbb60d,It supported attempts to establish regional nuclear free zones .,Argument_against,test
nuclear energy,http://thoriummsr.com/intro/pros-and-cons-list/,http://web.archive.org/web/20160702111824/http://thoriummsr.com:80/intro/pros-and-cons-list/,268476554de32228e7de6b2e824e451b,Personally I would task/reward/encourage every University in the UK to produce a working Thorium Reactor model every year .,Argument_for,train
nuclear energy,http://www.triplepundit.com/special/energy-options-pros-and-cons/nuclear-energy-pros-and-cons/,http://web.archive.org/web/20160802090500/http://www.triplepundit.com:80/special/energy-options-pros-and-cons/nuclear-energy-pros-and-cons,58c4b124096b5352862b34d4a7aabd3d,Nuclear power is not a solution .,Argument_against,test
nuclear energy,http://www.triplepundit.com/special/energy-options-pros-and-cons/nuclear-energy-pros-and-cons/,http://web.archive.org/web/20160802090500/http://www.triplepundit.com:80/special/energy-options-pros-and-cons/nuclear-energy-pros-and-cons,a7bc46f5a7160b438c6dd26644b7b5cb,* There are no operating long-term waste storage sites in the U.S .,Argument_against,test
nuclear energy,http://debatepedia.idebate.org/en/index.php/Debate:_Nuclear_energy,http://web.archive.org/web/20160627081957/http://debatepedia.idebate.org:80/en/index.php/Debate:_Nuclear_energy,0d3e8056f50136040fbb8554e9e333ef,Centralized nuclear energy production is inefficient .,Argument_against,train
nuclear energy,http://www.abc.net.au/btn/story/s4178056.htm,http://web.archive.org/web/20160622214133/http://www.abc.net.au:80/btn/story/s4178056.htm,b1fcd9e0f7ad203948abb3864e8b656b,"It has also exploded in Russia , the same thing happened to Japan .",Argument_against,train
nuclear energy,http://debatepedia.idebate.org/en/index.php/Debate:_Nuclear_energy,http://web.archive.org/web/20160627081957/http://debatepedia.idebate.org:80/en/index.php/Debate:_Nuclear_energy,80ee993da3d56a38972dc5abbd76cb97,[ Answer ] : Chernobyl was the worst .,Argument_against,train
nuclear energy,http://debatepedia.idebate.org/en/index.php/Debate:_Nuclear_energy,http://web.archive.org/web/20160627081957/http://debatepedia.idebate.org:80/en/index.php/Debate:_Nuclear_energy,a97276223afcd93842017418cc6e735c, Nuclear Power Is the Future  .,Argument_for,train
nuclear energy,http://www.nytimes.com/2012/02/26/opinion/sunday/sunday-dialogue-nuclear-energy-pro-and-con.html,http://web.archive.org/web/20170128194758/http://www.nytimes.com/2012/02/26/opinion/sunday/sunday-dialogue-nuclear-energy-pro-and-con.html,f51b80f2ebfd7173353be82af68662a6,Modern reactors are being built overseas in many countries .,Argument_for,train
nuclear energy,http://www.cnn.com/2010/OPINION/02/22/jacobson.nuclear.power.con/,http://web.archive.org/web/20100606142728/http://www.cnn.com:80/2010/OPINION/02/22/jacobson.nuclear.power.con/,a4c0422bab6d9942b4b806f771076720,There is no need for nuclear .,Argument_against,train
nuclear energy,http://isreview.org/issue/77/case-against-nuclear-power,http://web.archive.org/web/20160502145050/http://isreview.org:80/issue/77/case-against-nuclear-power,664efdd825311a16eedd5af99d339d2f,It is now asking for $ 100 billion .,Argument_against,train
nuclear energy,http://www.abc.net.au/btn/story/s4178056.htm,http://web.archive.org/web/20160622214133/http://www.abc.net.au:80/btn/story/s4178056.htm,c5129eb55ebce662e92864ed54bdcc71,Finaly we can store it safely .,Argument_for,train
nuclear energy,http://debatepedia.idebate.org/en/index.php/Debate:_Nuclear_energy,http://web.archive.org/web/20160627081957/http://debatepedia.idebate.org:80/en/index.php/Debate:_Nuclear_energy,64b89f34386e5929cf7938c95cb8487b,Nuclear Energy is the Most Certain Source .,Argument_for,train
nuclear energy,http://www.clearpictureonline.com/SO-Nuclear%20Power.html,http://web.archive.org/web/20160801192637/http://www.clearpictureonline.com:80/SO-Nuclear%20Power.html,cb0399fa27bf97bfe7f36ce65a9b322f,"All reactors release radiation into the air , water and soil .",Argument_against,train
nuclear energy,http://www.triplepundit.com/special/energy-options-pros-and-cons/nuclear-energy-pros-and-cons/,http://web.archive.org/web/20160802090500/http://www.triplepundit.com:80/special/energy-options-pros-and-cons/nuclear-energy-pros-and-cons,c8ac02ee8b4f2424cbb4766c48091854,Otherwise is hard to beat .,Argument_for,test
nuclear energy,http://www.conserve-energy-future.com/pros-and-cons-of-nuclear-energy.php,http://web.archive.org/web/20160718063846/http://www.conserve-energy-future.com:80/pros-and-cons-of-nuclear-energy.php,2729174c7e2c96101578629fdb45a59f,: Nuclear energy is not renewable resource .,Argument_against,test
nuclear energy,http://www.nytimes.com/2012/02/26/opinion/sunday/sunday-dialogue-nuclear-energy-pro-and-con.html,http://web.archive.org/web/20170128194758/http://www.nytimes.com/2012/02/26/opinion/sunday/sunday-dialogue-nuclear-energy-pro-and-con.html,648661fdea04e6ee7c078a873d326976,Nuclear power is ready ; let ’s not get caught short .,Argument_for,train
nuclear energy,http://www.abc.net.au/btn/story/s4178056.htm,http://web.archive.org/web/20160622214133/http://www.abc.net.au:80/btn/story/s4178056.htm,4debd1c5b9bbfba9aa935b6e233e1e54,What if we run out uranium ?,Argument_against,train
nuclear energy,http://www.triplepundit.com/special/energy-options-pros-and-cons/nuclear-energy-pros-and-cons/,http://web.archive.org/web/20160802090500/http://www.triplepundit.com:80/special/energy-options-pros-and-cons/nuclear-energy-pros-and-cons,84c3a8f43cdc2ec20011132e063414ec,Open the castors and die of radiation ?,Argument_against,test
nuclear energy,http://www.cnn.com/2010/OPINION/02/22/jacobson.nuclear.power.con/,http://web.archive.org/web/20100606142728/http://www.cnn.com:80/2010/OPINION/02/22/jacobson.nuclear.power.con/,84011aae4682064f6aee3b5ecea553fb,We rejected nuclear for several reasons .,Argument_against,train
nuclear energy,http://debatepedia.idebate.org/en/index.php/Debate:_Nuclear_energy,http://web.archive.org/web/20160627081957/http://debatepedia.idebate.org:80/en/index.php/Debate:_Nuclear_energy,7c2f597f57b7a9bb76762e766f882224,"April 16th , 2006 : "" [ Claim ] Nuclear energy is expensive .",Argument_against,train
nuclear energy,http://www.nytimes.com/2012/02/26/opinion/sunday/sunday-dialogue-nuclear-energy-pro-and-con.html,http://web.archive.org/web/20170128194758/http://www.nytimes.com/2012/02/26/opinion/sunday/sunday-dialogue-nuclear-energy-pro-and-con.html,5eeb436fa18691cd0dfdcecbd5e782a4,The world ’s energy needs are growing .,Argument_for,train
nuclear energy,http://www.triplepundit.com/special/energy-options-pros-and-cons/nuclear-energy-pros-and-cons/,http://web.archive.org/web/20160802090500/http://www.triplepundit.com:80/special/energy-options-pros-and-cons/nuclear-energy-pros-and-cons,0e361ae3fafd3e9838751d3357f31f50,* Low operating costs ( relatively ) .,Argument_for,test
nuclear energy,http://www.world-nuclear.org/information-library/current-and-future-generation/the-nuclear-debate.aspx,http://web.archive.org/web/20160716223743/http://www.world-nuclear.org:80/information-library/current-and-future-generation/the-nuclear-debate.aspx,0e9943d8c5628fe859aa057f0049f781,Nuclear provides 14 % of world electricity .,Argument_for,test
nuclear energy,http://www.nytimes.com/2012/02/26/opinion/sunday/sunday-dialogue-nuclear-energy-pro-and-con.html,http://web.archive.org/web/20170128194758/http://www.nytimes.com/2012/02/26/opinion/sunday/sunday-dialogue-nuclear-energy-pro-and-con.html,8a6b64ccd1412316e3485281cbc5a2f3,The advantages of renewables are a given .,Argument_for,train
nuclear energy,http://thoriummsr.com/intro/pros-and-cons-list/,http://web.archive.org/web/20160702111824/http://thoriummsr.com:80/intro/pros-and-cons-list/,04b58541740a4fa18178acde26c89937,Keep in mind : the U-233 is about as nasty stuff as plutonium is .,Argument_against,train
school uniforms,http://www.debate.org/opinions/should-kids-have-to-wear-school-uniforms,http://web.archive.org/web/20160719015848/http://www.debate.org:80/opinions/should-kids-have-to-wear-school-uniforms,58f01ee9798ad33f0f5c4beae4c09b5e,"And by ugly , I mean wrong color scheme .",Argument_against,train
school uniforms,http://www.listland.com/top-10-reasons-school-uniforms-mandatory/,http://web.archive.org/web/20160629081940/http://www.listland.com:80/top-10-reasons-school-uniforms-mandatory/,00a59f0336d75e611f103cdb67dc5860,Sports teams wear uniforms .,Argument_for,train
school uniforms,http://www.gate.net/~rwms/UniformDWilliams.html,http://web.archive.org/web/20160423015559/http://www.gate.net:80/~rwms/UniformDWilliams.html,adcabf1669a035cca0c175d3ad785fd3,"During a telephone interview in April 1996 , Dick Van Der Laan , Long Beach Unified School District spokesman , stated that the only change which had occurred in the district , prior to the improved discipline results , was the implementation of the uniform policy .",Argument_for,train
school uniforms,http://www.sheknows.com/parenting/articles/809991/the-pros-and-cons-of-school-uniforms,http://web.archive.org/web/20160728230827/http://www.sheknows.com:80/parenting/articles/809991/the-pros-and-cons-of-school-uniforms,93189a145c717dc7d414a9643753c64e,Uniforms cost less overall .,Argument_for,test
school uniforms,http://www.educationworld.com/a_admin/admin/admin130.shtml,http://web.archive.org/web/20160623003101/http://www.educationworld.com:80/a_admin/admin/admin130.shtml,b05532b02b098208e5c4995850635e7f,"It does n't make her feel good about herself ; it does n't make her feel special . """,Argument_against,train
school uniforms,http://kidsfashion.about.com/od/doityourselfstyles/tp/The-Pros-Of-School-Uniforms-Why-Students-Should-Wear-School-Uniforms.htm,http://web.archive.org/web/20161112153618/http://kidsfashion.about.com/od/doityourselfstyles/tp/The-Pros-Of-School-Uniforms-Why-Students-Should-Wear-School-Uniforms.htm,3291db295de0981589e635e19643512e,"This is , of course , avoided when all students are in uniform .",Argument_for,train
school uniforms,https://www.bostonglobe.com/metro/regionals/south/2014/02/20/uniforms-for-public-school-students-the-debate-continues-they-become-more-popular/btIYoFLoizOkFpXrdEUScK/story.html,http://web.archive.org/web/20160302063501/http://www.bostonglobe.com:80/metro/regionals/south/2014/02/20/uniforms-for-public-school-students-the-debate-continues-they-become-more-popular/btIYoFLoizOkFpXrdEUScK/story.html?,f23f4efcfc486458553f1163b76eda32,"“ It makes school more businesslike , ” said Bransfield .",Argument_for,train
school uniforms,http://vaccines.procon.org/view.answers.php?questionID=001606,http://web.archive.org/web/20160621003617/http://vaccines.procon.org:80/view.answers.php?questionID=001606,058640cf6d1674c9512cee525d8e01c3,We believe in freedom of choice .,Argument_against,train
school uniforms,http://www.debate.org/opinions/should-kids-have-to-wear-school-uniforms,http://web.archive.org/web/20160719015848/http://www.debate.org:80/opinions/should-kids-have-to-wear-school-uniforms,f59c9c59d6cdc597c311bac9901fb9fc,How many students are going to like the uniforms that the TEACHERS picked out .,Argument_against,train
school uniforms,https://en.wikipedia.org/wiki/School_uniform,http://web.archive.org/web/20161209024202/https://en.wikipedia.org/wiki/School_uniform,8e71e2c42a9ed2a486250e1444051e56,"In the Australian state of Queensland , Ombudsman Fred Albietz ruled in 1998 that state schools may not require uniforms .",Argument_against,train
school uniforms,http://school-uniforms.procon.org/view.answers.php?questionID=001903,http://web.archive.org/web/20160716122905/http://school-uniforms.procon.org:80/view.answers.php?questionID=001903,0c95ec7925c531946271c01f29f6d071,Everyone can be on the same team .,Argument_for,test
school uniforms,http://www.listland.com/top-10-reasons-school-uniforms-should-be-banned/,http://web.archive.org/web/20160710151116/http://www.listland.com:80/top-10-reasons-school-uniforms-should-be-banned/,24399e8f519ddd48c2b3601a2e343cfc,"As the “ Star-Spangled Banner ” says , this is the land of the free .",Argument_against,train
school uniforms,http://www.optionality.net/mag/oct98a.html,http://web.archive.org/web/20160711225016/http://www.optionality.net:80/mag/oct98a.html,81c65293dc7e3dfb979b8fb4c57fcbe1,Should all kids perhaps dye their hair the same color as well ?,Argument_against,train
school uniforms,http://school-uniforms.procon.org/view.answers.php?questionID=001903,http://web.archive.org/web/20160716122905/http://school-uniforms.procon.org:80/view.answers.php?questionID=001903,e6a08f84b2b54dc3a9b87202c7a220ce,"In Detroit , a 15-year-old boy was shot for his $ 86 basketball shoes .",Argument_for,train
school uniforms,http://www.traditioninaction.org/Cultural/C035_Uniforms.htm,http://web.archive.org/web/20160720134953/http://www.traditioninaction.org:80/Cultural/C035_Uniforms.htm,bef95ab453f8cb499864256fe5f7f500,"Everyone looks the same , dreary and vulgar .",Argument_against,val
school uniforms,http://www.optionality.net/mag/oct98a.html,http://web.archive.org/web/20160711225016/http://www.optionality.net:80/mag/oct98a.html,8ecfad57fdf77cdb5b67198919282d12,This ' equity ' argument is often put forward by State Schools .,Argument_for,train
school uniforms,http://school-uniforms.procon.org/view.answers.php?questionID=001903,http://web.archive.org/web/20160716122905/http://school-uniforms.procon.org:80/view.answers.php?questionID=001903,c590557384e4ace190ec443df5975b8b,Put on your team uniform and you suddenly belong .,Argument_for,test
school uniforms,http://www.listland.com/top-10-reasons-school-uniforms-should-be-banned/,http://web.archive.org/web/20160710151116/http://www.listland.com:80/top-10-reasons-school-uniforms-should-be-banned/,0a09e6eb9e4af873e58a111eb1c231f3,Uniforms fit people differently .,Argument_against,train
school uniforms,https://en.wikipedia.org/wiki/School_uniform,http://web.archive.org/web/20161209024202/https://en.wikipedia.org/wiki/School_uniform,fe635a2441ca8fe8e1342a94cadf5828,Turkey abolished mandatory uniforms in 2010 .,Argument_against,train
school uniforms,http://www.listland.com/top-10-reasons-school-uniforms-should-be-banned/,http://web.archive.org/web/20160710151116/http://www.listland.com:80/top-10-reasons-school-uniforms-should-be-banned/,d41d35562216b18bf69e00d6517b9798,That ’s because no student likes uniforms !,Argument_against,train
school uniforms,http://www.angelfire.com/ca/bygranite/uniforms/args.html,http://web.archive.org/web/20160716075420/http://www.angelfire.com:80/ca/bygranite/uniforms/args.html,31223888e0d9c14d7ab0d44a83fef6f0,Cliques will still form .,Argument_against,train
school uniforms,http://www.teenink.com/opinion/social_issues_civics/article/63606/An-Argument-Against-School-Uniforms/,http://web.archive.org/web/20160819021103/http://www.teenink.com:80/opinion/social_issues_civics/article/63606/An-Argument-Against-School-Uniforms,e9d65a3d7e4439b682965d2d6f66f854,So i think that we should not wear school unifrom at all .,Argument_against,val
school uniforms,http://www.listland.com/top-10-reasons-school-uniforms-mandatory/,http://web.archive.org/web/20160629081940/http://www.listland.com:80/top-10-reasons-school-uniforms-mandatory/,f01bb4d79c7414793835b8d91acc6fef,Students in uniform feel united and connected .,Argument_for,train
school uniforms,http://school-uniforms.procon.org/view.answers.php?questionID=001903,http://web.archive.org/web/20160716122905/http://school-uniforms.procon.org:80/view.answers.php?questionID=001903,ae7acb4487ce02066aef4f179d6a922b,"However , most workplaces have uniforms or dress codes .",Argument_for,train
school uniforms,http://school-uniforms.procon.org/view.answers.php?questionID=001903,http://web.archive.org/web/20160716122905/http://school-uniforms.procon.org:80/view.answers.php?questionID=001903,0e71cb7c24a363d7ca0c1958a4889098,Fashion and image are very important .,Argument_against,test
school uniforms,http://www.123helpme.com/view.asp?id=130535,http://web.archive.org/web/20160507132258/http://www.123helpme.com/view.asp?id=130535,7f1426eef8997afffc3c13bea5f79e19,Self-expression is a big part of maturing .,Argument_against,train
school uniforms,http://www.listland.com/top-10-reasons-school-uniforms-should-be-banned/,http://web.archive.org/web/20160710151116/http://www.listland.com:80/top-10-reasons-school-uniforms-should-be-banned/,2946313d2c5e95324a66b74269a53d34,Children are always taught to break free and stand out .,Argument_against,train
